9781408232361,Active Study Dictionary
9780521118255,Actuarial Mathematics for Life Contingent Risks
201036118,Advanced Calculus
3790654000,Advanced Mathematical Methods with Maple
9780130882547,Algebra Pure & Applied
9780201314526,Algorithms in C: Parts 1 - 4
2811169186294,AMATH 350 Course notes
9784789014434,An Integrated Course in Elementary Japanese
9780132296380,An Introduction to Analysis
9780131848689,An Introduction to Mathematical Thinking
9780134620701,An Introduction to Psychological Science
9781439818824,An Introduction to Stochastic Processes with Appli
48664670,Applied Complex Variables
9780199574742,Arbitrage Theory in Continuous Time
9789332543515,Artificial Intelligence: A Modern Approach
9780486650821,Asymptotic Expansions of Integrals
9780471470632,Big C++
9781553222576,"BUSINESS 121 Lab Manual and Readings (27th ed), La"
9781259459597,Business Policy II Strategic Management in the Glo
9780393979503,C Programming a Modern Approach (CS 136)
2811179191721,Calculus 1 for Honours Mathematics
9780534393212,Calculus Early Transcendentals 5e
9780495011668,Calculus Early Transcendentals 6e
9780176630850,Calculus Early Transcendentals 7e
9780840049346,Calculus Early Transcendentals 7e Student Solution
9781285741550,Calculus Early Transcendentals 8e
9780534393304,Calculus Early Transcendentals Single Variable 5e
9780131577138,Calculus for Engineers Fourth Edition
2811191197954,Calculus II for Honours Mathematics
201042991,Calculus of Several Variables
9780470179307,Calculus Single Variable Preliminary Edition
9780486205397,Card Manipulations Series 1-5
9781480145511,Computational Physics
9780471461241,Computational Statistics
131653326,Computer Methods for Mathematical Computations
9780205382057,Constructing Worlds Together: Interpersonal Commun
9780070009875,Corporate Finance
9780984782857,Cracking the Coding Interview
9780984782819,Cracking the PM Interview
2811171189023,CS 251 Course notes
2811171189276,CS 335 Course Notes
2811191198524,CS 343 Course Notes
2811189195702,CS 370 Course Notes
2811161184380,CS 442/642 Course notes
2811171189283,CS 476/676 Course notes
9780321370136,Data Structures and Algorithm Analysis in Java
9782356131829,De Carthage a Jericho
540576185,Differential Forms and Applications
9780534393335,Early Transcendentals Single Variable 5e Student S
9780125267509,Elementary Differential Geometry
9780176668815,Essential Calculus Early Transcendentals
9787302296249,Excel 2010 VBA (Chinese)
9780486217550,Expert Card Technique: Close-up Table Magic
9780070001497,Financial Accounting
9781259033803,Financial Mathematics
,Fourier Series and Boundary Value Problems
9780176638450,Functional Areas of the Organization - BU 121 - Wi
9780070969766,Fundamentals of Corporate Finance
9780321122261,Fundamentals of Database Systems
9787800804908,GRE
9780195550788,Health Informatics
9781506706641,Hellboy: The Complete Short Stories Volume 1
9780262062183,How to Design Programs: An Introduction to Program
9781894289566,How to Invest in Canadian Securities
9780470392164,How to Read and Do Proofs
9781269633147,Human Physiology An Integrated Approach
9780387944548,Information Retrieval: A Health Care Perspective
9780393934243,Intermediate Microeconomics
9780132146654,International Economics Theory & Policy
9781554963621,"Intro to Fed. Inc. Tax in Can,2011-2012 Study Guid"
9780071319805,Introductio to Business in North America (AFM 131)
9780262033848,Introduction to Algorithms
9780201602104,Introduction to Linear Algebra
9780321748966,Introduction to Linear Algebra for Science and Eng
8800037842718,Introduction to Optimization
9780817639679,Introduction to Partial Differential Equations wit
9780534420758,Introduction to Regression Modeling
9781269736107,Introduction to Understanding and Assessing the Bu
9780321643728,Introductory Mathematical Analysis
9780176500696,Investment Analysis and Portfolio Management
9780071338875,Investments
9781568364018,Japanese For Busy People
486638324,Lie Algebras
9780138912505,Life & Health Insurance 13th Edition
9780130084514,Linear Algebra
9781323569542,Linear Algebra 1 & 2 Course Notes
781323569542,Linear Algebra 1&2 Edition 4.0 Course Notes
9780201709704,Linear Algebra and Its Application
9780201770155,Linear Algebra and Its Application: Solution Manua
9781256466734,Linear Algebra Course Notes
9780070985100,Linear Algebra with Applications
9780991797516,Linear Regression Analysis: Theory & Applications
9780521543101,Logic in Computer Science
9780321778109,Macroeconomics
9781429256957,"Macroeconomics Fourth Edition, Student Guide and W"
9780321436337,Macroeconomics Policy and Practice
9780195445831,Making Sense: Social Sciences
9780131598430,Management information Systems
9781319052270,Math 117 Calculus 1 for Engineering
9781319052300,Math 119 Calculus 2 for Engineering
2811179192186,"MATH 135 Course Notes (F2017 ed, v1.1)"
2810000020575,MATH 135 Course Notes (S2012 ed) B/W by S Furino
2811161183581,MATH 135 Course Notes (v0.5)
2811191198012,MATH 135 Course Notes (W2019 ed) B/W
2811171188378,Math 135: Algebra for Honours Mathematics
811179191721,Math 137 Calculus 1 for Honours Math - Course Notes Math 137
2811181193706,Math 138 Calculus II for Honors Math Course Notes
2811199201189,Math 237 Calculus 3 Course Notes
9781323481639,Math 237 Calculus 3 Edition 6.0 Course Notes
9780131472853,Mathematical Interest Theory
9789810230913,Mathematical Logic for Computer Science
9780070000186,Mathematics of Finance
9780321645531,Mathematics with Applications
9780133457063,Microeconomics
9780321778086,"Microeconomics, Canada in the Global Enviroment"
9780070001534,Modern Advanced Accounting in Canada
9780991797530,Modern Finance Theory & Corporate Policy
9781493946815,More Calculus of a Single Variable
9780486256641,One Two Three â€¦ Infinity: Facts and Speculations o
9780130319999,Operating Systems
9780133951622,Organizational Behaviour: Understanding and Managi
9780321516589,Physics for scientists and engineers: A Strategic
9780176105242,Principles of Macroeconomics
9780176502423,"Principles of Macroeconomics, Fifth Canadian Editi"
9780321923271,Probability and Statistical Inference
9780321640772,Probability and Statistics for Engineers
2811189196303,Probability Stat 220/230 Course Notes Fall 2018 Ed.
9781464164767,Psychology
9782761352284,Reading and Writing - Advanced
9780306820205,Robert's Rule of Order 11th Edition
9780306820199,Robert's Rule of Order In Brief
9780125980630,Simulation
9780495011699,Single Variable Calculus Early Transcendentals 6e
9781305272422,Single Variable Calculus Early Transcendentals 8e
9781107608443,Solutions Manual for Actuarial Mathematics for Lif
2810000013034,STAT 220/230 Notes
2811159181438,STAT 221/231 Course Notes (F2015 ed)
2810000026744,STAT 231 Course Notes
2811185194334,STAT 340: Simulation with R
2811159181247,STAT 372 Survey Sampling and Experimental Design T
9781464175329,Student Guide and Workbook
9780495012405,Student Solutions Manual to Single Variable Calcul
9780176105235,Study Guide for use with Principles of Macroeconom
9780805380330,The Cosmic Perspective
9780134382036,"The Economics of Money, Banking, and Financial Mar"
9780486285979,The Expert at the Card Table
9780071768467,The Handbook of Fixed Income Securities
9780131000977,The Law and Business Administration in Canada
9781449330729,Think Python
9780393935158,"Workouts in Intermediate Microeconomics, Eighth Ed"